first_name,last_name
Winifield,Allred
Shirlee,Brimblecombe
Nariko,Stalf
Polly,Glanton
Elnar,Szymoni
Kevan,Milius
Rorie,Ruff
Giavani,Bidgod
Milt,Plaister
Jada,Barden
Fonz,Bachura
Tandi,Sandeland
Carley,Alen
Kellsie,Tokley
Robby,Dawney
Caprice,Vanyushkin
Sherie,Biddle
Nerty,Balls
Melonie,Duly
Anne,Sitlington
Jacqui,Giddins
Tod,Durno
Menard,Amoss
Lesley,Bartolomeu
Loreen,Coch
Jens,Guichard
Freddie,Curdell
Anna-maria,Ridgers
Lemar,Sharma
Chancey,Westwood
Kip,Waldocke
Foss,Pipkin
Renata,Buer
Hanan,Angrock
Shea,Ponnsett
Eugenio,Muncaster
Trixie,Swettenham
Norman,Wing
Thain,Gillott
Isador,Bortolussi
Fionnula,MacLaverty
Early,Laming
Gilberte,Almeida
Corrinne,Bunson
Alma,Kubatsch
Inger,Parkman
Stella,MacDonnell
Berenice,Pashbee
Rora,Golledge
Kingsly,Porter
Natassia,Scottrell
Doll,Alderwick
Haskell,Levesque
Brinn,Vaun
Darell,Gwillim
Gilberto,Coppen
Mannie,Haxby
Lazaro,Headon
Jeddy,Attril
Vidovik,Zapater
Isaiah,Shiers
Bronnie,Kapelhof
Elly,Goomes
Abie,Willoughley
Lucine,Macey
Ed,Middell
Mabel,Walworth
Ursulina,Fihelly
Neale,Benallack
Leoline,Leisk
Oberon,Eggers
Jacob,Lettice
Amabel,Hayworth
Tadeo,Beesley
Thebault,Lamke
Annabella,Darbey
Peirce,Cornes
Brion,Glossop
Warren,Konrad
Georgianne,Albion
Donnamarie,Scotney
Georas,Finding
Rufus,Blann
Helyn,Bothram
Kirsteni,Braganza
Jeannette,Stammers
Ange,Barnhill
Nobe,Foulcher
Kienan,Sabine
Gregory,Heath
Ellswerth,Comins
Jill,Hussey
Sheelagh,Burgum
Brooke,Verlander
Betta,Landells
Thor,Pheasey
Katharine,Baldacco
Kelsy,Morhall
Benn,Wastall
Kristo,Van Leijs
Siobhan,Delicate
Ole,McQuorkell
Margot,Cheasman
Bailie,Wilshere
Kipper,Magarrell
Mill,Ingilson
Ali,Sexti
Aretha,Daws
Bartie,Fulker
Katharyn,Penburton
Timmie,Grichukhin
Tadeo,Kalinsky
Adara,Cobbledick
Neel,Joslow
Kylila,Armfirld
Lexis,Croal
Caria,Botcherby
Floris,Daggett
Ben,Rosell
Jim,Burberry
Antonia,McLenahan
Bourke,McKew
Aeriell,Amberg
Stirling,Lemonnier
Audi,Gusney
Mikkel,Jankowski
Malvin,Feitosa
Pedro,MacKenney
Denna,Pendleberry
Ursa,Stanton
Bail,Bicker
Rodrick,Sanper
Bink,Dye
Stanwood,Hallad
Gerry,Milstead
Alex,Radmer
Darsey,Ranahan
Quinn,Jaher
Sherry,Pitkeathly
Averil,Draycott
Dilan,Toffoloni
Miles,McKibbin
Eugene,Digges
Khalil,Matthewes
Burk,Mattedi
Chaim,Oldam
Jyoti,Janczyk
Dale,Torrecilla
Louise,Gynni
Analise,Tant
Marena,Plinck
Talbert,Sole
Kittie,Ryle
Davie,Burr
Erasmus,Keaveney
Donella,Longstreeth
Caldwell,Killoran
Patrick,Reader
Adrianna,Crambie
Nola,Threadkell
Karol,Weeke
Aloisia,Twinterman
Tilly,Hargate
Gar,Garnsworthy
Nikki,Sisley
Kamilah,Dicks
Nikkie,Haruard
Felipa,Coatham
Rockwell,Antoney
Averil,Treacher
Rubia,Shippard
Gussy,Ahren
Silas,Meardon
Giovanna,Grindley
Darlleen,Allabarton
Cordula,Izakov
Rheta,Hursey
Clarie,Falconer
Gregoire,Chesley
Marsh,Kaser
Chris,Haselhurst
Asia,Dray
Eldredge,Willishire
Raine,Sangar
Terrijo,Klejna
Kermit,Van der Brugge
Brigitta,Faltskog
Barnaby,Ryam
Pet,Gotcliff
Durant,Doring
Tanny,Turfus
Elisa,Tollerfield
Georgeanna,Fancutt
Moyna,Kacheller
Thedrick,Pearcey
Ginni,Cromblehome
Liana,Gerardi
Gawain,Grigoli
Justino,Entwisle
Rafaelia,Mariette
Blancha,Millier
Milena,Cesaric
Simmonds,Tolchard
Breanne,Dyble
Court,Toolan
Arther,Sarll
Munmro,Eagleton
Garland,Stayte
Guilbert,Huebner
Denise,Caldayrou
Lennard,Lyver
Miriam,Othen
Caril,MacBrearty
Anselm,Chaney
Constanta,Emanuelli
Erin,Dallin
Janessa,Gemnett
Yuri,Easterbrook
Hy,Whitwam
Marne,Grigoryov
Ricard,Edmed
Bartie,Boddie
Jarrid,Avramovich
Clerkclaude,Gush
Ted,Galea
Catharine,Hirtz
Margit,Johncey
Mattheus,Allwright
Bone,Aspin
Somerset,Quaintance
Evin,Connolly
Salem,Truscott
Theodora,Follacaro
Allan,Delepine
Chiquita,MacCahey
Nola,Lambrechts
Konstantine,Bocken
Eachelle,Clawsley
Lorrie,Champerlen
Skye,Kernell
Tracy,Ruecastle
Sandy,Rossant
Arni,Habden
Buffy,Worner
Aubree,Mathelin
Romy,Pawnsford
Sylvia,Ertelt
Cyrille,Bradley
Nanine,Hollyland
Pauletta,Paschek
Loutitia,Matiebe
Gizela,Prate
Josselyn,Rohmer
Hilarius,Ivakin
Giulietta,Siddons
Horace,Adenot
Weylin,Capozzi
Koressa,Belchambers
Rowen,Westmacott
Shanna,Broadist
Yule,Stearn
Wolfie,Blanshard
Elwira,Schermick
Augy,Schuh
Maury,Lorraway
Gustavus,Sneddon
Demetrius,Pycock
Remy,Rayson
Ermin,De la Harpe
Chickie,Cabrera
Wendie,Laurencot
Louie,Pipes
Leda,Vel
Kareem,Giraths
Maximilien,Mozzetti
Lucio,Bertome
Reamonn,Beyer
Alexander,Tomenson
Opaline,Shelvey
Coralie,Reggler
Sheffie,Crunkhorn
Georas,Bobasch
Brnaba,Roswarne
Tallou,McMickan
Bobbi,Le Sieur
Lu,Posselow
Ronny,Maciak
Mavis,Cressey
Billy,Sharpley
Tiffani,Joanaud
Jasmina,Draxford
Alvy,O'Devey
Clarey,Huskinson
Dwayne,Burnhill
Patience,Tinn
Samara,De Bell
Monty,Kender
Latashia,Pogue
Danika,Sainter
Robina,Poupard
Chastity,Bissatt
Emelda,Kettridge
Hurley,Ollander
Jeffrey,Eldin
Jessalyn,Chastagnier
Briggs,Vost
Adora,Forton
Rodrique,Gilman
Trude,Dossantos
Dael,McCay
Elly,Caw
Georgeanne,Gritskov
Ricca,Incogna
Roxy,Oxberry
Lennard,Vinas
Caesar,Josovich
Homerus,Wooder
Carlita,Northcote
Pancho,Quare
Alden,Fernihough
Hashim,Leggon
Rip,Kidman
Dre,Titmarsh
Annabela,Barbier
Welch,Barwick
Heloise,Finden
Amelina,Epilet
Zabrina,Henken
Chiarra,Housaman
Boycie,Collacombe
Ki,Jeannenet
Efren,Ludy
Bren,Donegan
Rossy,Culp
Merwyn,McRoberts
Elora,Bloomer
Yurik,Yeats
Che,Rump
Sheffie,Mundy
Andros,Loxley
Gardie,Leroy
Toinette,Sommers
Demetra,Rolinson
Myrvyn,Jzak
Tracey,de Zamora
Fania,Goulden
Mellicent,Dummett
Raleigh,Carnall
Luce,Langan
Sigismond,McFfaden
Sebastien,Martynka
Bailey,Doll
Georgi,D'Antonio
Kennith,Montacute
Ferdy,Pimley
Mabel,Snufflebottom
Pearle,Planke
Riobard,Hort
Kissee,Donne
Chaddie,McConachie
Hermann,Whitaker
Willabella,Eouzan
Niels,Tomczynski
Dickie,Leates
Hyacinth,Jepensen
Emanuele,Abbess
Garrett,Glassopp
Uriah,Goldis
Chico,Daniello
Nadeen,Cabena
Regan,Lawn
Verney,O'Carmody
Lurette,Truter
Ynes,Yglesia
Findley,Tobias
Keane,Dmiterko
Hildagarde,Thain
Erich,Figure
Frasier,Dulinty
Winnie,Ridd
Jeffy,Farnaby
Adriano,Windross
Dilan,Winsborrow
Mariquilla,Weavill
Meggy,Oselton
Barbra,Aspinal
Lorry,Petry
Bendick,Chetter
Matilda,Ovenell
Noell,Catto
Madlin,Gledhill
Riva,Vasyanin
Nessi,Cormode
Dareen,Janman
Christoffer,Lack
Denna,Morling
Corri,Leon
Gladys,Boc
Myrilla,Swiers
Royal,Worwood
Shari,Dallaghan
Delbert,Sadgrove
Horace,Taberer
Reta,Taylder
Austin,Brigden
Danell,Bernadot
Gerard,Letherbury
Nancy,Farncombe
Joel,Stilwell
Morton,Raddish
Arley,Farragher
Ruthanne,Brise
Denney,Davet
Del,Lambole
Prue,Stonnell
Evonne,Jammes
Flint,Glavias
Fred,Wiseman
Mendel,Talbot
Kariotta,Rontsch
Emmerich,Lithgow
Jay,Delmage
Dorolice,Crichmere
Evonne,Tylor
Mariellen,Lyster
Hamid,De Gregorio
Harvey,Polon
Leroy,Craggs
Glendon,Brewster
Marcus,Bang
Raymond,Byrde
Gayel,Alenichev
Bord,Georgescu
Candie,Veasey
Lee,Olwen
Tracy,Benditt
Cary,Lane
Alexandre,Havard
Pernell,Bree
Sianna,Busfield
Sonny,Titchmarsh
Isac,Falkous
Toma,Bampton
Faunie,Baynton
Henrietta,Jindacek
Ibbie,Wordington
Holmes,Olliff
Barrie,Coopman
Barnard,Maric
Arley,Robillart
Riva,Furphy
Daryl,Syms
Sioux,Giberd
Gui,Tabor
Kylynn,Hardage
Martina,Ashingden
Ariadne,Ackwood
Nanci,Wilne
Johnette,Samme
Blair,O'Cannovane
Rianon,Sloley
Tammi,Stouther
Gabi,Cherrington
Fitz,Pickston
Sherye,Rowbrey
Clio,Leaf
Candace,Walewicz
Corrina,Leythley
Cordie,Syplus
Essy,Gentzsch
Agneta,Tayloe
Willem,Bog
Darcey,Benezet
Shaylyn,Banyard
Camala,Ghelardi
Salomo,Band
Nicolette,Beckles
Isidro,Siaskowski
Marnie,Stokell
Calhoun,Joselevitch
Karola,Bosch
Trever,Riste
Prue,Leather
Abbey,Kertess
Midge,Dumbrall
Tabitha,Gurden
Jasmine,Chattelaine
Cyndy,Dron
Alisun,Brickell
Waiter,Zoppo
Harley,Furness
Saudra,Poynter
Von,Filson
Zara,Strettle
Ethelred,Batcock
Jay,Orans
Erskine,Hurch
Rica,Doogood
Rani,Middlehurst
Wain,Marrington
Anton,Heamus
Milo,Jikovsky
Kyla,Graben
Cal,Baughen
Conn,MacKowle
Hinze,Soldi
Connie,Alekseev
Vincenz,Arkill
Georas,Seebright
Goldy,Bakhrushin
Jerrilee,Banbridge
Carmine,Pakenham
Anna-diana,Arents
Aurelea,Maccraw
Jemmy,Ridley
Darya,Polgreen
Kati,Rigmand
Annissa,Fooks
Aridatha,Lodden
Aylmer,Northridge
Richardo,Swatradge
Thibaud,Balma
Becka,Needs
Bonny,Gebbe
Cheri,Waber
Korey,Tomankowski
Kailey,Markussen
Yehudit,Cubuzzi
Rosalyn,Lovelace
Gaye,Penke
Alfy,Eustes
Phillida,Deeson
Binnie,Pruvost
Gizela,Sargeant
Sofia,Moulster
Barbara,Benardette
Leonid,Rhodus
Jaye,Beedon
Melba,Dodsley
Sanders,Murty
Jephthah,Olwen
Gusti,Macenzy
Ellsworth,Drynan
Anastasie,Olyet
Claudius,Marran
Jacklyn,Billborough
Helen,Vigrass
Julianne,Sewall
Sheilakathryn,Murrock
Kalli,Knowller
Rafa,Pancoust
Jerad,Filpo
Vladimir,Dobie
Liliane,Sagrott
Ulric,Vasyukhnov
Kora,Lambrook
Ursala,Fedorchenko
Felix,Laborda
Alford,Darrington
Donal,Prowting
Clifford,Broscombe
Lynnet,Padley
Torin,Abbatucci
Dru,Sparry
Rafael,Benedetti
Lilah,Erickssen
Tiebold,Riches
Klaus,Arrell
Isidor,Innett
Arnie,Dmiterko
Krishnah,Milnthorpe
Tedmund,Searsby
Verna,Mehmet
Norton,Myton
Tybi,Swatland
Ruy,Pipping
Jo-ann,Burman
Sterling,Solano
Lanie,Zarfati
Andre,Tripp
Hortense,Morritt
Kelsy,Moulds
Lonni,Brolly
Aymer,Imore
Seymour,Bloom
Tisha,Powlett
Vannie,Westmerland
Brocky,Marien
Marylin,Dessent
Si,Rundle
Adrienne,Wastling
Alanna,Hartles
Svend,Romanini
Christoffer,Ritch
Orion,Ashbrook
Herby,Jaffray
Ana,MacFadin
Beitris,Hallstone
Arel,Keogh
Karlene,Kwietak
Bevvy,Cavozzi
Sonni,Paskerful
Stillmann,Gynne
Alayne,Eland
Renard,Eastridge
Wileen,Burbage
Trey,Murphey
Evangelia,Maddrell
Gerrie,Barniss
Jorey,Portigall
Michale,Dalligan
Harp,Mansbridge
Sergei,Marqyes
Esme,Kleynen
Ardith,Ferrey
Guy,Mansel
Lavinia,Borg
Matias,Williscroft
Keefe,Carnew
Harry,Keijser
Nevil,Woolfenden
Gladi,Bampfield
Gabbi,MacMichael
Rozanne,Rosthorn
Cesaro,Hardesty
Lawry,Merrington
Josy,Osburn
Betty,Macro
Hart,Iskov
Hannah,John
Quinton,Elph
Wenonah,Esberger
Anastasie,Veeler
Vince,Dorman
Lily,Robart
Eberto,Laycock
Ludovico,Marioneau
Chet,McNess
Iormina,Doucette
Ralf,Sincock
Ursuline,Shavel
Peg,Woolstenholmes
Alix,Martinets
Arlee,Geharke
Tabbatha,Jardin
Susanetta,Bruggen
Erhart,Berston
Siffre,Hazelden
Bernie,Vurley
Margret,Roose
Ernesta,Ethington
Joanne,Donnachie
Filide,Soall
Cass,Hatry
Moises,Shearmer
Bev,Kochl
Karlens,Hakewell
Isidore,Clewlow
Ches,Wearne
Costa,Penhall
Ruth,Laughrey
Tandy,Yeend
Constancy,Gronauer
Jacques,Cornall
Winslow,Meron
Lisa,Coppins
Cyrillus,Jurgen
Darbie,Carnaman
Matty,Bortoletti
Yvor,Waterland
Katie,Prickett
Ailbert,Cristou
Manny,Farlow
Cecil,Sobieski
Mirilla,O'Suaird
Kevan,Shemmans
Cayla,Sterland
Lizzy,Hast
Kaitlynn,Coldham
Candis,Seeds
Darsie,Tomsa
Trina,Ruff
Amalie,Heineken
Haywood,Fiske
Tommy,Venners
Lane,Raffeorty
Steffie,Suston
Giffard,Giggie
Mortie,Sokell
Wyn,Ogborn
Amie,Louden
Frazier,Imlach
Nancee,Baddam
Mehetabel,Dows
Vania,Gourdon
Demetrius,Tilston
Gregorius,Vaune
Gennie,Ruperti
Sergeant,Cove
Jose,Walasik
Rouvin,Felkin
Llywellyn,Kezourec
Clarice,D'Almeida
Gwennie,Pilipets
Rakel,McCrory
Ange,Degli Antoni
Nikolos,Louisot
Jerry,Chastand
Manolo,Dunkerly
Domenic,Braine
Chrissie,Kenrat
Claiborn,Dzeniskevich
Ginny,Felce
Gustaf,Marushak
Claresta,Threlfall
Harley,Crosseland
Elyse,Gribble
Isabeau,Brydone
Norine,Findley
Amandie,McGeraghty
Addia,Dominici
Rolfe,Wilflinger
Roxana,Pickthorne
Gabbi,Farncombe
Bond,Coster
Suki,Hubert
Ulberto,Tesche
Rorie,Shama
Padgett,Hegerty
Lorita,Wanell
Roderigo,Janouch
Bevvy,Arnaud
Beverie,Kroon
Oswald,Hindhaugh
Nicoline,Leefe
Estrellita,Emerine
Xaviera,Fynn
Bobine,Twort
Kamila,Haughan
Gus,Espina
Franz,Hubert
Liv,Samme
Bartel,Veart
Jilly,Kerkham
Eolanda,Rozycki
Beatrice,Fanshawe
Jamey,Ubsdell
Hilly,Mollatt
Christi,Bedham
Nestor,Dartnell
Marilee,Conyard
Renard,Howels
Gusty,Lendrem
Astra,Berndsen
Lauralee,Chipping
Gretna,Leveret
Dalia,Dudley
Early,Polkinhorn
Zolly,Lorenzin
Giles,Dayborne
Bernardo,Pinder
Stavros,Vlasyuk
Patin,Stoile
Eimile,O'Gorman
Pris,Toulmin
Penelopa,Dungey
Merrie,Beedon
Tove,Couser
Mureil,Brecknall
Arabel,Matura
Buckie,Brason
Arlinda,Tomney
Alison,Cannell
Avram,Wyeth
Sergent,Yourell
Blinnie,Pyffe
Kore,Kernes
Terencio,Gerritzen
Delaney,Simm
Odella,Clow
Boyd,Sukbhans
Gusty,Colson
Dex,Stallworth
Nolana,Lyndon
Cordie,Blaydes
Nana,Dilston
Vilma,Dewhirst
Evelin,Fortye
Amerigo,McIlvenna
Tyrus,Singers
Collen,Digger
Peta,Dorkens
Ulberto,Ditchett
Abelard,Ell
Tuck,Oguz
Theobald,Castaner
Kalli,Rumbellow
Alexis,Suett
Olympie,Cowlishaw
Morrie,Foskett
Monique,Bocke
Jimmy,Worsnop
Casar,Tremain
Aeriell,Cardon
Sherill,Lawerence
Sibilla,Chidlow
Tremain,Petracchi
Sean,Skidmore
Jessica,Mallatratt
Ramona,Congrave
Edna,Beachamp
Cristobal,McGawn
Gladi,Hostan
Herby,De Cristoforo
Kathi,Lingley
Merry,Black
Lucretia,Jenkinson
Faustine,Gilpin
Flinn,Trowler
Claresta,Hearmon
Virgie,Sellack
Fredra,Martugin
Adan,Peeters
Jerome,Iddison
Tate,Elphee
Pepillo,Chilcotte
Domingo,Skellington
Tam,Ruperto
Eldin,Greep
Hadrian,Romans
Rebecka,Berrey
Sean,Footitt
Ezri,Nardoni
Kiley,Willshear
Hertha,Stooders
Geneva,Tyrer
Nataniel,Feria
Emilio,Murr
Gay,Christoffels
Gaye,Triplet
Jarvis,Ney
Pascale,Pitblado
Gabrielle,Kneal
Randolph,Simonnot
Garner,Hinrichs
Helyn,Hainey`
Mora,Scone
Deny,Sothcott
Sherie,Gillson
Korney,Potter
Andi,Aizlewood
Bernete,Kezar
Fonzie,Blanc
Krystyna,Neylan
Fletch,Willis
Chester,Jovasevic
Donalt,Dysart
Melissa,Fransseni
Fionnula,Swarbrick
Drew,Hessing
Gusella,Dabell
Stesha,Ubsdale
Delbert,Minshull
Ashley,Edmeades
Ogden,Bodemeaid
Rene,Mussettini
Lidia,Haily
Winn,Bouch
Pauline,Gremain
Reese,Henden
Zonda,Thynn
Giulia,MacAdam
Tallie,McRitchie
Joby,Bathow
Wallas,Henricsson
Tibold,Tuxsell
Davidde,Broadhead
Julianna,Cridland
Duffie,Folliss
Mozes,Dahlen
Davine,Niezen
Arielle,Roundtree
Gan,Mersh
Harlene,Bahia
Nanine,Klisch
Nadia,Findley
Logan,Driver
Sayres,Borrel
Arleen,Leander
Elli,Strawbridge
Hal,Matisoff
Jeri,Dunkersley
Lina,Vila
Gabey,Crowch
Maren,Antonognoli
Gustav,Harme
Gianna,Vasey
Jed,Dominelli
Pam,Doward
Elizabet,Neubigin
Chastity,Samett
Dorrie,Grier
Ira,Drinan
Bordy,Crisford
Bay,Laidler
Gill,Whittet
Derrick,Rotter
Hans,McMoyer
Odessa,Yushmanov
Yevette,Valasek
Evangelina,Mariaud
Helsa,Pressey
Gearalt,Lomath
Hildegaard,Vakhrushev
Hurlee,Gartell
Caterina,Brigstock
Jeana,Willshere
Odie,Morgon
Legra,Carlett
Holt,Cardon
Miguelita,Matteoli
Rudyard,Merrywether
Elberta,Widger
Harmonie,Milligan
Nelly,Figgs
Bobby,Eastham
Loree,Pecht
Milo,Cogle
Chastity,D'eath
Dorella,Mattocks
Danie,Crew
Moses,Sizland
Matt,Springford
Farleigh,Senchenko
Gabriella,Tatteshall
Daryle,Van der Hoeven
Waring,Copnall
Michale,Stockton
Daveta,Moores
Emlyn,De Gregorio
Judi,Afonso
Denys,Custed
Brianne,Pitrollo
Atalanta,Leatham
Midge,Buy
Tore,McVey
Ambrosi,Wheatley
Peirce,Skirling
Cully,O'Cannavan
Flemming,Wrixon
Alena,Tume
Ada,Huddart
Delaney,Karolowski
Svend,Prowse
Alma,Schrader
Regen,Van
Barrett,Jeanin
Trenton,McLeish
Cecil,Van Leeuwen
Osborne,Papen
Cecelia,Vallis
Shelba,Di Carli
Marris,Desforges
Kacy,Meyrick
Akim,Bartol
Torey,Minguet
Lonee,Whatson
Jose,Mickelwright
Loralyn,Feore
Elvira,MacDearmaid
Veradis,McGuirk
Marinna,MacCarrane
Harman,Herkess
Oneida,Goracci
Sofia,Sherlock
Francklin,Pettifor
Roanne,Rehorek
Vania,Salvin
Haydon,Ludlem
Sisely,Sazio
Erinn,Merricks
Woodie,Reding
Cyrus,Geaves
Pietra,Drayn
Ira,Craven
Andres,Pragnall
Celle,Jeeks
Neill,Triner
Torrance,Rebeiro
Foster,Ellor
Torre,Bunford
Demetra,Lyford
Leilah,Gansbuhler
Lindi,Timothy
Billye,Laxston
Bealle,Costall
Jamie,Deporte
Sheff,Van Saltsberg
Claudell,Skoggings
Isador,Dreinan
